<!DOCTYPE suite SYSTEM "https://testng.org/testng-1.0.dtd" >

<suite name="Suite1">

	<listeners>
		<listener
			class-name="com.aventstack.extentreports.testng.listener.ExtentITestListenerClassAdapter"></listener>
	</listeners>
	<test name="Test1">
		<!-- <parameter name="url" value="https://racvqa.tmmatravel.com/"/> -->
		<classes>
	<!-- // For RACV- -->
			<!-- <class name="com.racv.tests.RegressionTestCase"/> -->
		<!-- 	<class name="com.racv.tests.SingleTripGetQuoteFieldValidationTest" /> -->
			<!-- <class name="com.racv.tests.MultiTripGetQuoteTest" />	
			<class name="com.racv.tests.CompareAndTravelFunctionalityValidationTest" />
			<class name="com.racv.tests.PaymentPageFunctionalityValidation" /> -->
			<!-- <class name="com.racv.tests.MedicalRescore" />	 -->		
			<!-- <class name="com.racv.tests.DetailPageFieldValidationTest" /> -->
		

    <!--  // For AANT- -->

			<!-- <class name="com.aant.tests.SingleTripGetQuoteFieldValidationTest" />
			<class name="com.aant.tests.PaymentPageFunctionalityValidation" />
			<class name="com.aant.tests.MultiTripGetQuoteTest" />
			<class name="com.aant.tests.DetailPageFieldValidationTest" />
			<class name="com.aant.tests.CompareAndTravelFunctionalityValidationTest" /> -->
			<!-- <class name="com.aant.tests.RegressionTestCase"/> -->
			<!-- <class name="com.aant.tests.MultiTripGetQuoteTest"/> -->
		 
  <!--   // For W2C- -->
            <!-- <class name="com.w2c.tests.SingleTripGetQuoteFieldValidationTest" />
			<class name="com.w2c.tests.PaymentPageFunctionalityValidation" />
			<class name="com.w2c.tests.MultiTripGetQuoteTest" />
			<class name="com.w2c.tests.DetailPageFieldValidationTest" />
			<class name="com.w2c.tests.CompareAndTravelFunctionalityValidationTest" /> -->
		<!-- 	<class name="com.w2c.tests.RegressionTestCase"/> -->
		<!-- <class name="com.w2c.tests.MedicalRescore"/> -->
			
			
	<!-- // For RAA- -->
            <!-- <class name="com.raa.tests.SingleTripGetQuoteFieldValidationTest" />
			<class name="com.raa.tests.PaymentPageFunctionalityValidation" />
			<class name="com.raa.tests.MultiTripGetQuoteTest" />
			<class name="com.raa.tests.DetailPageFieldValidationTest" />
			<class name="com.raa.tests.CompareAndTravelFunctionalityValidationTest" />
			<class name="com.raa.tests.RegressionTestCase"/>
			<class name="com.raa.tests.MultiTripGetQuoteTest"/> -->
			
			
<!-- 	// For RACQ- -->
            <!-- <class name="com.racq.tests.SingleTripGetQuoteFieldValidationTest" />
			<class name="com.racq.tests.PaymentPageFunctionalityValidation" />
			<class name="com.racq.tests.MultiTripGetQuoteTest" />
			<class name="com.racq.tests.DetailPageFieldValidationTest" />
			<class name="com.racq.tests.CompareAndTravelFunctionalityValidationTest" /> -->
			<!-- <class name="com.racq.tests.RegressionTestCase"/> -->
			<!-- <class name="com.racq.tests.MultiTripGetQuoteTest"/> -->
			<class name="com.racq.tests.MedicalRescore"/>
			
		<!-- // For RAC- -->
           <!--  <class name="com.rac.tests.SingleTripGetQuoteFieldValidationTest" />
			<class name="com.rac.tests.PaymentPageFunctionalityValidation" />
			<class name="com.rac.tests.MultiTripGetQuoteTest" />
			<class name="com.rac.tests.DetailPageFieldValidationTest" />
			<class name="com.rac.tests.CompareAndTravelFunctionalityValidationTest" />
			<class name="com.rac.tests.RegressionTestCase"/> -->
			<!-- <class name="com.rac.tests.MedicalRescore"/> -->
		
		</classes>
	</test>

</suite>
